defense,param_value,trial,rmse,success
round,1,0,0.0,1.0
round,1,1,0.0,1.0
round,1,2,0.0,1.0
round,1,3,0.0,1.0
round,1,4,0.0,1.0
round,1,5,0.0,1.0
round,1,6,0.0,1.0
round,1,7,0.0,1.0
round,1,8,0.0,1.0
round,1,9,0.0,1.0
round,2,0,0.714142842854285,1.0
round,2,1,0.714142842854285,1.0
round,2,2,0.7176350047203662,1.0
round,2,3,0.7176350047203662,1.0
round,2,4,0.6670832032063166,1.0
round,2,5,0.6928203230275509,1.0
round,2,6,0.6928203230275509,1.0
round,2,7,0.689202437604511,1.0
round,2,8,0.7106335201775947,1.0
round,2,9,0.7106335201775947,1.0
round,3,0,0.8306623862918074,1.0
round,3,1,0.8,1.0
round,3,2,0.8306623862918074,1.0
round,3,3,0.8455767262643882,0.99
round,3,4,0.85146931829632,0.99
round,3,5,0.8455767262643882,1.0
round,3,6,0.8215838362577492,1.0
round,3,7,0.8185352771872451,1.0
round,3,8,0.812403840463596,1.0
round,3,9,0.7842193570679061,1.0
round,4,0,1.2267844146385296,1.0
round,4,1,1.1489125293076057,1.0
round,4,2,1.2103718436910205,0.95
round,4,3,1.2449899597988732,0.98
round,4,4,1.1726039399558574,1.0
round,4,5,1.2083045973594573,0.97
round,4,6,1.1874342087037917,1.0
round,4,7,1.2668859459319928,0.98
round,4,8,1.2708265027138834,0.98
round,4,9,1.3209844813622906,0.95
round,5,0,1.3982131454109563,0.96
round,5,1,1.449137674618944,0.98
round,5,2,1.4017845768876187,0.97
round,5,3,1.3874436925511608,0.93
round,5,4,1.4798648586948742,0.97
round,5,5,1.4230249470757708,0.98
round,5,6,1.4747881203752624,0.96
round,5,7,1.4212670403551895,0.93
round,5,8,1.4370107863199915,0.95
round,5,9,1.4439529078193651,0.96
round,6,0,1.8343936327844141,0.97
round,6,1,1.795828499606797,0.99
round,6,2,1.7578395831246945,0.97
round,6,3,1.8261982367749674,0.95
round,6,4,1.8681541692269406,0.94
round,6,5,1.7734147850968198,0.94
round,6,6,1.7790446874657195,0.93
round,6,7,1.8083141320025125,0.94
round,6,8,1.7190113437671084,0.98
round,6,9,1.6867127793433,0.98
round,7,0,2.0149441679609885,0.89
round,7,1,2.0591260281974,0.89
round,7,2,2.0663978319771825,0.93
round,7,3,1.9786358937409378,0.93
round,7,4,2.053046516764781,0.94
round,7,5,1.9949937343260002,0.81
round,7,6,2.0506096654409878,0.91
round,7,7,1.9621416870348585,0.87
round,7,8,1.9377822375076101,0.92
round,7,9,1.9937402037376886,0.93
round,8,0,2.2068076490713913,0.88
round,8,1,2.3043437243605824,0.77
round,8,2,2.367488120350343,0.84
round,8,3,2.3505318547086316,0.88
round,8,4,2.4093567606313515,0.83
round,8,5,2.2792542640082964,0.87
round,8,6,2.283637449333847,0.82
round,8,7,2.3937418407171647,0.83
round,8,8,2.3021728866442674,0.86
round,8,9,2.262741699796952,0.82
round,9,0,2.49899979991996,0.73
round,9,1,2.4413111231467406,0.78
round,9,2,2.5612496949731396,0.75
round,9,3,2.530810146968753,0.84
round,9,4,2.367488120350343,0.74
round,9,5,2.4758836806279896,0.82
round,9,6,2.4310491562286436,0.8
round,9,7,2.3874672772626644,0.79
round,9,8,2.449489742783178,0.8
round,9,9,2.4809272460110554,0.77
round,10,0,2.8870400066504103,0.75
round,10,1,2.7730849247724096,0.84
round,10,2,3.0091527046662154,0.83
round,10,3,2.977414986191881,0.81
round,10,4,2.7712812921102037,0.81
round,10,5,2.8870400066504103,0.76
round,10,6,3.0074906483645134,0.75
round,10,7,2.946183972531247,0.73
round,10,8,2.9521178838251023,0.69
round,10,9,3.032325840011261,0.78
round,11,0,3.4604912945996555,0.87
round,11,1,3.6138621999185303,0.83
round,11,2,3.6338684621213244,0.87
round,11,3,3.461213659975356,0.85
round,11,4,3.517101079013795,0.87
round,11,5,3.4964267474094175,0.82
round,11,6,3.442382895611701,0.81
round,11,7,3.433656942677879,0.86
round,11,8,3.472751070837068,0.86
round,11,9,3.31436268383531,0.81
round,12,0,3.9522145690739006,0.87
round,12,1,4.0877866871939394,0.87
round,12,2,4.29767378938886,0.89
round,12,3,3.9439827585830036,0.83
round,12,4,4.08166632639171,0.83
round,12,5,4.117644957982657,0.84
round,12,6,4.174925149029621,0.86
round,12,7,3.771604433129222,0.76
round,12,8,4.148493702538308,0.81
round,12,9,4.115215668710451,0.86
round,13,0,4.096950085124299,0.87
round,13,1,4.299418565341132,0.82
round,13,2,4.07982842776507,0.84
round,13,3,4.024301181571777,0.84
round,13,4,4.13158565202272,0.77
round,13,5,4.22729227756965,0.82
round,13,6,4.054626986542659,0.81
round,13,7,4.250294107470682,0.84
round,13,8,4.112177038990418,0.8
round,13,9,4.129164564412516,0.81
round,14,0,3.9382737335030433,0.78
round,14,1,3.837968212479098,0.74
round,14,2,4.069397989875161,0.81
round,14,3,4.00374824383352,0.75
round,14,4,3.9408120990476063,0.79
round,14,5,3.874274125562103,0.71
round,14,6,4.092676385936225,0.7
round,14,7,3.9899874686520005,0.69
round,14,8,4.266731770336635,0.73
round,14,9,4.08656334834051,0.77
round,15,0,4.013103537164223,0.74
round,15,1,3.502142201567492,0.72
round,15,2,3.792756253702576,0.67
round,15,3,3.4146742157927745,0.65
round,15,4,3.678994427829431,0.68
round,15,5,3.6345563690772495,0.69
round,15,6,3.558089374931439,0.65
round,15,7,3.635244145858707,0.69
round,15,8,3.6124783736376886,0.71
round,15,9,3.6796738985948196,0.65
round,16,0,3.274904578762563,0.69
round,16,1,3.5071355833500366,0.76
round,16,2,3.3324165405903265,0.62
round,16,3,3.237282811247729,0.68
round,16,4,3.277193921634788,0.61
round,16,5,3.3196385345395663,0.59
round,16,6,3.1913946794465895,0.5
round,16,7,3.057776970284131,0.62
round,16,8,3.59513560244951,0.63
round,16,9,3.280243893371345,0.63
round,17,0,2.853944638566067,0.54
round,17,1,2.989147035527025,0.55
round,17,2,3.0878795313289022,0.55
round,17,3,3.040559159102154,0.54
round,17,4,3.188259713385972,0.59
round,17,5,3.361547262794322,0.58
round,17,6,2.9274562336608896,0.58
round,17,7,2.9025850547399985,0.61
round,17,8,3.0708305065568173,0.53
round,17,9,2.8240042492885875,0.66
round,18,0,3.0683871985132516,0.54
round,18,1,3.163858403911275,0.55
round,18,2,2.930870177950569,0.54
round,18,3,3.1488092987667575,0.63
round,18,4,3.03315017762062,0.53
round,18,5,3.2093613071762426,0.59
round,18,6,3.0773365106858237,0.65
round,18,7,3.091116303214746,0.56
round,18,8,3.073271872125862,0.63
round,18,9,3.1827660925679098,0.52
round,19,0,3.391902121229326,0.61
round,19,1,3.271849629796577,0.57
round,19,2,3.4176014981270124,0.49
round,19,3,3.521363372331802,0.39
round,19,4,3.3874769371908644,0.57
round,19,5,3.616628264005025,0.52
round,19,6,3.4749100707788108,0.53
round,19,7,3.4080786375903944,0.5
round,19,8,3.641428291206625,0.52
round,19,9,3.4445609299299673,0.57
round,20,0,3.5860842154082215,0.6
round,20,1,3.8820097887563345,0.59
round,20,2,3.900640972968417,0.59
round,20,3,3.6606010435446255,0.61
round,20,4,3.789459064299283,0.62
round,20,5,4.018084120572888,0.56
round,20,6,3.886515148561755,0.53
round,20,7,3.9115214431215892,0.51
round,20,8,3.97994974842648,0.65
round,20,9,3.86846222677694,0.55
round,21,0,4.495553358597805,0.65
round,21,1,4.2302482196674935,0.51
round,21,2,4.18568990729127,0.59
round,21,3,4.644889664997437,0.63
round,21,4,4.6946778377222005,0.49
round,21,5,4.697339672623218,0.6
round,21,6,4.689349635077342,0.61
round,21,7,4.5265881191025095,0.57
round,21,8,4.701063709417263,0.51
round,21,9,4.553570028010989,0.58
round,22,0,5.36423340282654,0.63
round,22,1,5.435531252784773,0.6
round,22,2,5.528562200066125,0.58
round,22,3,5.425403210822215,0.52
round,22,4,5.411561696959575,0.63
round,22,5,5.539855593785816,0.71
round,22,6,5.239274758971894,0.64
round,22,7,5.378661543544081,0.6
round,22,8,5.649778756730214,0.65
round,22,9,5.74108003776293,0.71
round,23,0,6.014981296729027,0.65
round,23,1,6.024533176935787,0.63
round,23,2,6.3498031465550175,0.62
round,23,3,6.135552134893811,0.64
round,23,4,6.023288138550239,0.72
round,23,5,6.371028174478591,0.67
round,23,6,6.427285585688566,0.65
round,23,7,6.14288205975013,0.62
round,23,8,6.143695956018656,0.63
round,23,9,5.869412236331676,0.54
round,24,0,6.822023160324216,0.63
round,24,1,7.489659538323488,0.62
round,24,2,7.084842976382751,0.67
round,24,3,6.8212902005412435,0.66
round,24,4,6.907966415668217,0.61
round,24,5,6.8705894943592725,0.61
round,24,6,7.133722730804723,0.63
round,24,7,6.827151675479314,0.68
round,24,8,6.629856710367125,0.54
round,24,9,6.899275324264136,0.69
round,25,0,7.7479029420869745,0.7
round,25,1,7.854298186343577,0.63
round,25,2,8.021845174272562,0.63
round,25,3,7.9821676254010105,0.67
round,25,4,7.938198788138276,0.68
round,25,5,7.778495998584817,0.68
round,25,6,7.436396977031283,0.64
round,25,7,7.825918476447349,0.69
round,25,8,8.181686867633104,0.66
round,25,9,7.819207120929845,0.65
round,26,0,8.627861844049196,0.72
round,26,1,8.770689824637513,0.7
round,26,2,8.636839699797607,0.71
round,26,3,8.440675328431961,0.66
round,26,4,8.583122974768566,0.63
round,26,5,8.750999942863672,0.72
round,26,6,8.980256121069154,0.7
round,26,7,8.915716460273957,0.78
round,26,8,8.50617422817097,0.69
round,26,9,8.791473141629906,0.77
round,27,0,9.817331613019904,0.74
round,27,1,9.628083921528727,0.68
round,27,2,9.678584607265671,0.76
round,27,3,9.752179243635753,0.79
round,27,4,9.416209428427132,0.67
round,27,5,9.780848633937651,0.74
round,27,6,9.608069525143955,0.72
round,27,7,9.691491113342673,0.75
round,27,8,9.686846752168632,0.63
round,27,9,9.463878697447468,0.75
round,28,0,10.279591431569642,0.7
round,28,1,10.36894401566524,0.77
round,28,2,10.529719844326344,0.73
round,28,3,10.593158169309094,0.77
round,28,4,10.26547612144707,0.71
round,28,5,10.4544249004907,0.76
round,28,6,10.36677384724872,0.78
round,28,7,10.741042779916668,0.69
round,28,8,10.701635389042181,0.82
round,28,9,10.361225796207705,0.72
round,29,0,11.229870880824944,0.73
round,29,1,11.18279929176948,0.85
round,29,2,11.137549102024197,0.72
round,29,3,11.289596981292114,0.73
round,29,4,11.113505297609752,0.82
round,29,5,11.185928660598547,0.64
round,29,6,11.062549434917793,0.75
round,29,7,11.345042970390196,0.79
round,29,8,11.404823540940912,0.7
round,29,9,10.950799057603056,0.74
round,30,0,12.326191625964608,0.73
round,30,1,12.007081243999309,0.76
round,30,2,12.018111332484818,0.8
round,30,3,11.853480501523592,0.76
round,30,4,11.893485611880145,0.77
round,30,5,11.873078791956196,0.71
round,30,6,12.238463955905578,0.77
round,30,7,12.339165287814245,0.76
round,30,8,12.147839314050874,0.75
round,30,9,11.871604777788047,0.83
round,31,0,12.637642185154634,0.8
round,31,1,12.811323116680805,0.84
round,31,2,12.68857754044952,0.73
round,31,3,12.804491399505098,0.74
round,31,4,12.83374458215528,0.81
round,31,5,12.724778976469493,0.75
round,31,6,12.70610089681331,0.84
round,31,7,12.723207142855138,0.86
round,31,8,12.577161842005532,0.76
round,31,9,12.693108366353767,0.84
round,32,0,13.564107047646004,0.75
round,32,1,13.583629853614239,0.77
round,32,2,13.482395929507485,0.83
round,32,3,13.366562759363381,0.77
round,32,4,13.609004372105993,0.76
round,32,5,13.432237341560043,0.85
round,32,6,13.369180977157876,0.81
round,32,7,13.331729070154404,0.85
round,32,8,13.449349426645142,0.86
round,32,9,13.45566795071876,0.79
round,33,0,14.207040508142432,0.84
round,33,1,13.87713947469002,0.82
round,33,2,14.231303524273523,0.81
round,33,3,14.24710496908056,0.81
round,33,4,14.194717327231283,0.84
round,33,5,13.926234236145822,0.87
round,33,6,13.942022808760571,0.79
round,33,7,14.232533154712833,0.88
round,33,8,14.17991537351334,0.81
round,33,9,13.92587519691312,0.77
round,34,0,14.627884330961876,0.76
round,34,1,14.744660050336869,0.84
round,34,2,14.720224183075475,0.79
round,34,3,14.633010626661896,0.81
round,34,4,14.625833309592995,0.8
round,34,5,14.744829602270757,0.84
round,34,6,14.409892435407004,0.81
round,34,7,14.67259349944651,0.81
round,34,8,14.67259349944651,0.8
round,34,9,14.694386683356337,0.85
round,35,0,15.342587786941289,0.8
round,35,1,15.195558561632408,0.87
round,35,2,15.104304022363957,0.75
round,35,3,14.96529318122435,0.84
round,35,4,15.224486855063457,0.83
round,35,5,15.067182882012151,0.78
round,35,6,15.28037957643723,0.78
round,35,7,15.16096962598369,0.74
round,35,8,15.071828024496565,0.78
round,35,9,15.26613900107031,0.84
round,36,0,15.79398619728408,0.81
round,36,1,15.627059864222701,0.83
round,36,2,15.731338150329107,0.83
round,36,3,15.55297399213411,0.84
round,36,4,15.654711750779699,0.73
round,36,5,15.543487382180357,0.81
round,36,6,15.589579853222473,0.81
round,36,7,15.654232654461222,0.81
round,36,8,15.81059771166163,0.83
round,36,9,15.811546413934343,0.75
round,37,0,15.942709932756099,0.81
round,37,1,15.995311813153252,0.79
round,37,2,15.930787802240038,0.78
round,37,3,16.080578347808263,0.84
round,37,4,16.069536396548596,0.82
round,37,5,15.800949338568236,0.81
round,37,6,16.133350550955,0.82
round,37,7,15.964805041089603,0.74
round,37,8,16.056618573037102,0.79
round,37,9,16.326205927893962,0.79
round,38,0,16.261303760769,0.82
round,38,1,16.328196471135445,0.84
round,38,2,16.362457028209427,0.8
round,38,3,16.415846003176323,0.77
round,38,4,16.581917862539303,0.75
round,38,5,16.391003630040476,0.87
round,38,6,16.381697103780184,0.8
round,38,7,16.38551189313291,0.77
round,38,8,16.390698581817677,0.75
round,38,9,16.649924924755666,0.85
round,39,0,16.8677206521806,0.72
round,39,1,16.78615500941177,0.75
round,39,2,16.636706404814625,0.79
round,39,3,16.760220762269213,0.8
round,39,4,16.662082702951633,0.75
round,39,5,16.80223199458929,0.76
round,39,6,16.730212192318422,0.77
round,39,7,16.804463692721644,0.82
round,39,8,16.627387046676937,0.8
round,39,9,16.830032679706836,0.7
round,40,0,16.974539758120102,0.76
round,40,1,17.032468993073202,0.76
round,40,2,16.98940846527624,0.81
round,40,3,16.947123649752484,0.78
round,40,4,16.90118339052032,0.8
round,40,5,17.078202481525977,0.75
round,40,6,16.68382450159435,0.77
round,40,7,17.18894993884152,0.7
round,40,8,17.056523678639795,0.75
round,40,9,17.011319760677004,0.69
round,41,0,16.799404751359496,0.74
round,41,1,17.19840108847331,0.74
round,41,2,17.212204972053986,0.8
round,41,3,17.338108316653233,0.71
round,41,4,17.044647253610147,0.79
round,41,5,16.98940846527624,0.72
round,41,6,17.0182255244194,0.77
round,41,7,17.274981910265492,0.75
round,41,8,17.162604697422825,0.8
round,41,9,17.168575945604807,0.72
round,42,0,17.330753013068993,0.76
round,42,1,17.305923841274698,0.79
round,42,2,17.251521672014906,0.79
round,42,3,17.548504209761013,0.73
round,42,4,17.72596964907703,0.61
round,42,5,17.72596964907703,0.77
round,42,6,17.406751563689305,0.73
round,42,7,17.375557545011326,0.72
round,42,8,17.18894993884152,0.69
round,42,9,17.36101955531414,0.72
round,43,0,17.27252152987513,0.77
round,43,1,17.75992680165096,0.68
round,43,2,17.281782315490496,0.62
round,43,3,17.530116941994425,0.65
round,43,4,17.249492746165032,0.75
round,43,5,17.39928159436475,0.77
round,43,6,17.297976760303502,0.68
round,43,7,17.405171645232343,0.66
round,43,8,17.305634920452935,0.73
round,43,9,17.454941993601697,0.73
round,44,0,17.325126262166172,0.62
round,44,1,17.589485495602194,0.71
round,44,2,17.248043367292418,0.74
round,44,3,17.890360532979763,0.75
round,44,4,17.76907425838499,0.69
round,44,5,17.405028009170223,0.64
round,44,6,17.432871249452855,0.68
round,44,7,17.58735341090296,0.58
round,44,8,17.605112893702216,0.65
round,44,9,17.605964898295124,0.69
round,45,0,17.467111953611564,0.57
round,45,1,17.21336689901194,0.68
round,45,2,17.60184649404715,0.7
round,45,3,17.6451126377816,0.65
round,45,4,17.62313819953756,0.69
round,45,5,17.48013157845215,0.65
round,45,6,17.929026744360666,0.63
round,45,7,17.415223225672417,0.64
round,45,8,17.507712586171845,0.69
round,45,9,17.95689282698986,0.75
round,46,0,17.85441121963981,0.65
round,46,1,17.71298958391835,0.62
round,46,2,17.92888730512856,0.68
round,46,3,17.49056888726036,0.58
round,46,4,17.731187213494756,0.68
round,46,5,17.809267250507528,0.68
round,46,6,17.65247857950832,0.67
round,46,7,17.616043823742036,0.66
round,46,8,17.368937791356153,0.67
round,46,9,17.949512528199755,0.55
round,47,0,17.518418878426214,0.69
round,47,1,17.68021493082027,0.73
round,47,2,17.914658802221158,0.71
round,47,3,17.37498201437918,0.67
round,47,4,17.622428890479316,0.63
round,47,5,17.24644890984808,0.72
round,47,6,17.46768444871844,0.7
round,47,7,17.524982168321884,0.76
round,47,8,17.661540136692498,0.68
round,47,9,17.782435153825247,0.68
round,48,0,17.735134620295387,0.63
round,48,1,17.78651174345324,0.64
round,48,2,17.796769369747985,0.65
round,48,3,17.920658470045122,0.65
round,48,4,17.804634228200253,0.63
round,48,5,17.764149290072968,0.65
round,48,6,17.90265343461689,0.63
round,48,7,17.82792752958122,0.64
round,48,8,17.680639128719303,0.6
round,48,9,17.953551180755298,0.59
round,49,0,17.571425667827867,0.62
round,49,1,17.795224078386877,0.65
round,49,2,17.380880299915766,0.7
round,49,3,17.597300929403918,0.67
round,49,4,17.987217683677486,0.65
round,49,5,17.56245996436718,0.69
round,49,6,17.81067095872584,0.59
round,49,7,18.226766032404104,0.63
round,49,8,17.682901345650265,0.58
round,49,9,18.061146143033117,0.65
round,50,0,17.437889780589853,0.58
round,50,1,17.941711178145745,0.66
round,50,2,17.827226368675525,0.65
round,50,3,18.022069803438228,0.63
round,50,4,17.499285699707862,0.65
round,50,5,17.73302004735798,0.65
round,50,6,17.836759795433696,0.65
round,50,7,17.404309811078406,0.61
round,50,8,17.934742819455202,0.68
round,50,9,17.52883338958985,0.65
round,51,0,18.067097165842664,0.54
round,51,1,17.732033160356995,0.65
round,51,2,18.13987320793616,0.59
round,51,3,17.689686260643516,0.62
round,51,4,17.95828499606797,0.65
round,51,5,17.88854381999832,0.65
round,51,6,17.705225217432282,0.65
round,51,7,17.65969988419962,0.65
round,51,8,17.404453453067696,0.6
round,51,9,17.423116827938678,0.65
round,52,0,17.8105305928824,0.65
round,52,1,17.68827295130873,0.65
round,52,2,17.5994318090102,0.65
round,52,3,17.73330200498486,0.65
round,52,4,18.275119698650403,0.71
round,52,5,18.265267586323503,0.65
round,52,6,17.837881040078724,0.65
round,52,7,17.912984117672856,0.65
round,52,8,17.74006764361399,0.65
round,52,9,17.68148749398647,0.56
round,53,0,17.80645950210204,0.65
round,53,1,17.662530962464015,0.65
round,53,2,17.706072404686477,0.65
round,53,3,17.960094654538988,0.65
round,53,4,17.77188791321845,0.65
round,53,5,17.41436188896969,0.65
round,53,6,17.52826289168439,0.64
round,53,7,18.0076372686702,0.65
round,53,8,17.795224078386877,0.65
round,53,9,17.678800864312038,0.58
round,54,0,17.5493589626516,0.65
round,54,1,17.65375314203753,0.65
round,54,2,17.818950586384148,0.65
round,54,3,18.003888468883602,0.65
round,54,4,17.705366418123067,0.65
round,54,5,17.963156738168266,0.65
round,54,6,17.764993667322262,0.65
round,54,7,18.11146046016168,0.65
round,54,8,18.03607496103296,0.65
round,54,9,17.817407218784666,0.65
round,55,0,17.664795498391708,0.65
round,55,1,17.49385606434442,0.65
round,55,2,17.390514655984163,0.65
round,55,3,17.783419243778738,0.65
round,55,4,17.969001085202258,0.65
round,55,5,17.63505032598433,0.65
round,55,6,17.66507854497115,0.65
round,55,7,17.820072951590294,0.65
round,55,8,18.164250603864723,0.65
round,55,9,17.723853982698007,0.65
round,56,0,17.844046626256052,0.65
round,56,1,17.439036670642103,0.65
round,56,2,17.692936443677176,0.65
round,56,3,17.70014124237431,0.65
round,56,4,17.85301095053717,0.65
round,56,5,17.4984285008683,0.65
round,56,6,17.684739183827393,0.65
round,56,7,17.694349380522585,0.65
round,56,8,17.814741087088525,0.65
round,56,9,18.085076720876803,0.65
round,57,0,17.68897962009115,0.65
round,57,1,17.72371292929334,0.65
round,57,2,17.438319873198793,0.65
round,57,3,17.894552243629903,0.65
round,57,4,17.996944185055415,0.65
round,57,5,17.831292718140208,0.65
round,57,6,17.668757737882988,0.65
round,57,7,18.196153439669605,0.64
round,57,8,17.964270093716582,0.65
round,57,9,17.586216193371442,0.65
round,58,0,17.918007701750774,0.65
round,58,1,17.554059359589736,0.65
round,58,2,17.9986110575233,0.65
round,58,3,18.019711429431936,0.65
round,58,4,17.922332437492614,0.65
round,58,5,17.92916618250832,0.65
round,58,6,17.586500504648445,0.65
round,58,7,17.458235878805166,0.65
round,58,8,17.77202858426691,0.65
round,58,9,17.55648028506853,0.65
round,59,0,17.68897962009115,0.65
round,59,1,17.753027910753705,0.65
round,59,2,17.67427509121661,0.65
round,59,3,17.807863431641653,0.65
round,59,4,17.855951388822717,0.65
round,59,5,17.88700645720239,0.65
round,59,6,17.512995175012183,0.65
round,59,7,17.87008673733846,0.65
round,59,8,17.863510293332606,0.65
round,59,9,17.821616088334974,0.65
round,60,0,17.516135418521976,0.65
round,60,1,17.861550884511683,0.65
round,60,2,17.622996340009834,0.65
round,60,3,17.648795992928243,0.65
round,60,4,17.76879286839711,0.65
round,60,5,18.145798411753614,0.65
round,60,6,18.18364649898364,0.65
round,60,7,17.720186229269714,0.6
round,60,8,17.718916445426338,0.65
round,60,9,17.444626679869078,0.65
round,61,0,17.867708302969355,0.65
round,61,1,17.354394256210732,0.65
round,61,2,17.696186029763588,0.65
round,61,3,17.915356541246954,0.65
round,61,4,17.924843095547587,0.65
round,61,5,17.813618385942817,0.61
round,61,6,17.81796845883391,0.65
round,61,7,18.022763384120648,0.65
round,61,8,17.779623168110174,0.65
round,61,9,17.507426995421113,0.65
round,62,0,17.678800864312038,0.65
round,62,1,17.632073048850494,0.65
round,62,2,17.489425376495365,0.65
round,62,3,17.93223354744188,0.65
round,62,4,17.318487231857176,0.65
round,62,5,17.453223198022766,0.65
round,62,6,17.738376475878507,0.65
round,62,7,17.910471797247553,0.65
round,62,8,17.718352067841977,0.65
round,62,9,17.77118454127355,0.65
round,63,0,17.53952678951174,0.65
round,63,1,17.69844625948843,0.65
round,63,2,17.96023385148423,0.65
round,63,3,17.45709025009609,0.65
round,63,4,18.00041666184425,0.65
round,63,5,17.738376475878507,0.65
round,63,6,18.067650649710934,0.65
round,63,7,17.84096409950987,0.65
round,63,8,17.40833133875846,0.65
round,63,9,17.6451126377816,0.65
round,64,0,17.76696372484618,0.65
round,64,1,17.76682301369606,0.65
round,64,2,17.994721448246985,0.65
round,64,3,17.934045834668762,0.65
round,64,4,17.853851125177446,0.65
round,64,5,17.807863431641653,0.65
round,64,6,17.708754896942924,0.65
round,64,7,17.87973713453305,0.65
round,64,8,17.549786323485538,0.65
round,64,9,17.67554808202563,0.65
round,65,0,17.700564962734948,0.65
round,65,1,17.412782661022334,0.65
round,65,2,18.09861873182592,0.65
round,65,3,17.652336955768774,0.65
round,65,4,18.20796528994934,0.65
round,65,5,18.0492382110714,0.65
round,65,6,17.413931204641873,0.65
round,65,7,17.72399503498012,0.65
round,65,8,17.70070620060115,0.65
round,65,9,18.062530276791232,0.65
round,66,0,17.708754896942924,0.65
round,66,1,17.589485495602194,0.65
round,66,2,17.439753438624066,0.65
round,66,3,17.975121696389152,0.65
round,66,4,17.924564150907546,0.65
round,66,5,17.955361316331118,0.65
round,66,6,17.417232845661793,0.65
round,66,7,17.802527910383965,0.65
round,66,8,18.017907758671647,0.65
round,66,9,17.6207264322445,0.65
round,67,0,17.763304872686277,0.65
round,67,1,17.639586162946113,0.65
round,67,2,17.77948255714997,0.65
round,67,3,17.650637382259035,0.65
round,67,4,17.384619639209827,0.65
round,67,5,17.701412373028315,0.65
round,67,6,17.758378304338493,0.65
round,67,7,17.889941307897015,0.65
round,67,8,17.6168952996832,0.65
round,67,9,17.711013522664366,0.65
round,68,0,17.503285405888803,0.65
round,68,1,17.811092049618967,0.65
round,68,2,18.08175876401408,0.65
round,68,3,17.7300592215593,0.65
round,68,4,17.72455923288362,0.65
round,68,5,17.842365314049594,0.65
round,68,6,18.12360339446877,0.65
round,68,7,17.40976737351766,0.65
round,68,8,17.480989674500698,0.65
round,68,9,17.20450522392318,0.65
round,69,0,17.482991734826165,0.65
round,69,1,17.82301882398153,0.65
round,69,2,17.808424972467385,0.65
round,69,3,17.747816767140684,0.65
round,69,4,18.166314981305373,0.65
round,69,5,17.31054591860118,0.65
round,69,6,17.94268653240088,0.65
round,69,7,17.533824454465147,0.65
round,69,8,17.342433508593885,0.65
round,69,9,17.702118517284873,0.65
round,70,0,17.718916445426338,0.65
round,70,1,17.692088627406317,0.65
round,70,2,17.677952370113456,0.65
round,70,3,17.43315806157909,0.65
round,70,4,17.98054504179448,0.65
round,70,5,17.835358140502816,0.65
round,70,6,17.773435233516338,0.65
round,70,7,17.61831433480513,0.65
round,70,8,17.48041761514867,0.65
round,70,9,17.690958142508844,0.65
round,71,0,17.79424064128616,0.65
round,71,1,17.499285699707862,0.65
round,71,2,17.910053042914193,0.65
round,71,3,17.67328492386178,0.65
round,71,4,17.993471038129357,0.65
round,71,5,17.75330955061619,0.65
round,71,6,18.238146835684812,0.65
round,71,7,18.124017214734707,0.65
round,71,8,17.99638852659055,0.65
round,71,9,17.82287855538493,0.65
round,72,0,17.678942276052602,0.65
round,72,1,17.999444435870792,0.65
round,72,2,17.696892382562538,0.65
round,72,3,17.62796074422677,0.65
round,72,4,17.678518037437414,0.65
round,72,5,17.711436982921516,0.65
round,72,6,17.694349380522585,0.65
round,72,7,17.775966921661393,0.65
round,72,8,17.770903184700547,0.65
round,72,9,17.64341236836004,0.65
round,73,0,17.632356620712955,0.65
round,73,1,17.797331260613205,0.65
round,73,2,17.686152775547317,0.65
round,73,3,17.777092000661973,0.65
round,73,4,17.68346685466399,0.65
round,73,5,17.66111548005958,0.65
round,73,6,17.696609844826213,0.65
round,73,7,17.717787672280082,0.65
round,73,8,17.47898738485728,0.65
round,73,9,17.685021911210626,0.65
round,74,0,17.45050142546053,0.65
round,74,1,17.871066000661518,0.65
round,74,2,18.184333916863714,0.65
round,74,3,17.464535493393463,0.65
round,74,4,18.065298226157243,0.65
round,74,5,17.822457742971366,0.65
round,74,6,17.830030846860588,0.65
round,74,7,17.773435233516338,0.65
round,74,8,17.97873744176715,0.65
round,74,9,17.803230044011677,0.65
round,75,0,18.171543687865377,0.65
round,75,1,18.07290790105455,0.65
round,75,2,17.905027227010855,0.65
round,75,3,17.95132307101624,0.65
round,75,4,17.936833611315013,0.65
round,75,5,17.77019977377857,0.65
round,75,6,17.813478043324388,0.65
round,75,7,18.015132527961043,0.65
round,75,8,18.014577430514432,0.65
round,75,9,17.85175061443555,0.65
round,76,0,17.793538152936307,0.65
round,76,1,17.829750418892576,0.65
round,76,2,18.19093180680968,0.65
round,76,3,17.775123065678056,0.65
round,76,4,17.640719939957098,0.65
round,76,5,17.81684596105607,0.65
round,76,6,17.946726721048606,0.65
round,76,7,17.722866585290316,0.65
round,76,8,17.885748516626304,0.65
round,76,9,17.583941537664415,0.65
round,77,0,17.253840152267554,0.65
round,77,1,17.590480380023735,0.65
round,77,2,17.80182574906293,0.65
round,77,3,17.549643871030547,0.65
round,77,4,17.765697284373616,0.65
round,77,5,17.664512447276884,0.65
round,77,6,18.043835512440253,0.65
round,77,7,17.818389377269764,0.65
round,77,8,17.441760232270134,0.65
round,77,9,18.14221596167348,0.65
round,78,0,17.590622501776338,0.65
round,78,1,17.916891471457877,0.65
round,78,2,18.02539874732318,0.65
round,78,3,17.569149097210143,0.65
round,78,4,17.450071633090793,0.65
round,78,5,17.77019977377857,0.65
round,78,6,17.8,0.65
round,78,7,17.835498310952797,0.65
round,78,8,18.062668684333442,0.65
round,78,9,17.664795498391708,0.65
round,79,0,18.015826375717545,0.65
round,79,1,17.823860412379805,0.65
round,79,2,17.771465893392136,0.65
round,79,3,17.716376604712377,0.65
round,79,4,17.649645888799014,0.65
round,79,5,17.668616244629913,0.65
round,79,6,17.763445611704956,0.65
round,79,7,17.959120245713596,0.65
round,79,8,17.792554622650453,0.65
round,79,9,17.98624474424831,0.65
round,80,0,17.689120950459916,0.65
round,80,1,17.456230979223438,0.65
round,80,2,17.73485269180435,0.65
round,80,3,17.57896470216605,0.65
round,80,4,17.41866814656046,0.65
round,80,5,17.76879286839711,0.65
round,80,6,18.02983638306238,0.65
round,80,7,17.765275117486922,0.65
round,80,8,18.07166290079582,0.65
round,80,9,17.732879066863337,0.65
round,81,0,18.11946467200397,0.65
round,81,1,17.69830500358721,0.65
round,81,2,17.975538934897056,0.65
round,81,3,17.96468758425818,0.65
round,81,4,17.936694232773217,0.65
round,81,5,18.261434773861556,0.65
round,81,6,17.51956049677046,0.65
round,81,7,17.823579887329032,0.65
round,81,8,17.79606698121807,0.65
round,81,9,17.901256939109054,0.65
round,82,0,17.47111902540876,0.65
round,82,1,17.955639782530724,0.65
round,82,2,17.63774361986249,0.65
round,82,3,17.482276739601165,0.65
round,82,4,17.75119714272815,0.65
round,82,5,17.85147052766242,0.65
round,82,6,18.206592212712405,0.65
round,82,7,17.975956163720472,0.65
round,82,8,17.32599203508994,0.65
round,82,9,17.49014007948478,0.65
round,83,0,17.641286801137834,0.65
round,83,1,17.465108072955058,0.65
round,83,2,17.619307591389624,0.65
round,83,3,17.805897899291683,0.65
round,83,4,17.738517412681365,0.65
round,83,5,17.99055307654548,0.65
round,83,6,17.631931261209022,0.65
round,83,7,17.700847437340393,0.65
round,83,8,17.796909844127434,0.65
round,83,9,17.67187030282873,0.65
round,84,0,17.64298727540209,0.65
round,84,1,17.950905269651447,0.65
round,84,2,17.68134610260203,0.65
round,84,3,17.92107697656589,0.65
round,84,4,17.52669392669365,0.65
round,84,5,17.473837586517735,0.65
round,84,6,17.696044755820438,0.65
round,84,7,17.787495607870152,0.65
round,84,8,17.947701802737864,0.65
round,84,9,17.75598490650406,0.65
round,85,0,17.84152459853137,0.65
round,85,1,17.58138219822321,0.65
round,85,2,17.256737814546526,0.65
round,85,3,17.984298707483703,0.65
round,85,4,17.711295830627414,0.65
round,85,5,17.543517321221533,0.65
round,85,6,17.701694834111226,0.65
round,85,7,17.98985825402746,0.65
round,85,8,17.772591257326546,0.65
round,85,9,17.95744970757262,0.65
round,86,0,17.76766726388132,0.65
round,86,1,17.479416466232504,0.65
round,86,2,17.84320598995595,0.65
round,86,3,17.99263738310757,0.65
round,86,4,17.664229391626456,0.65
round,86,5,17.45981099554059,0.65
round,86,6,17.752887089146938,0.65
round,86,7,17.576120163449044,0.65
round,86,8,17.60795274868717,0.65
round,86,9,17.840823972003086,0.65
round,87,0,17.469974241537965,0.65
round,87,1,17.88477005723026,0.65
round,87,2,17.59772712596715,0.65
round,87,3,17.699576266114395,0.65
round,87,4,17.637318390276906,0.65
round,87,5,17.930560504345646,0.65
round,87,6,18.388855320546735,0.65
round,87,7,17.571425667827867,0.65
round,87,8,17.60184649404715,0.65
round,87,9,17.608804615873275,0.65
round,88,0,17.742322283173642,0.65
round,88,1,17.485994395515515,0.65
round,88,2,17.46739820351045,0.65
round,88,3,17.791711553417226,0.65
round,88,4,17.9904141141887,0.65
round,88,5,17.507855379800233,0.65
round,88,6,17.41048534648015,0.65
round,88,7,17.986800716080666,0.65
round,88,8,17.590196133073675,0.65
round,88,9,18.048407131932724,0.65
round,89,0,18.095855879178526,0.65
round,89,1,17.790727922150907,0.65
round,89,2,17.80182574906293,0.65
round,89,3,17.673426379737464,0.65
round,89,4,17.73048222694465,0.65
round,89,5,17.76837077505982,0.65
round,89,6,17.77160656778109,0.65
round,89,7,17.767245143803244,0.65
round,89,8,17.59033825712286,0.65
round,89,9,17.687848936487445,0.65
round,90,0,17.558046588387903,0.65
round,90,1,17.862250698050342,0.65
round,90,2,17.201598762905732,0.65
round,90,3,17.90516685205698,0.65
round,90,4,18.236227680087786,0.65
round,90,5,17.694490668001723,0.65
round,90,6,17.663804799646083,0.65
round,90,7,17.60113632695344,0.65
round,90,8,17.933209417167916,0.65
round,90,9,17.55833135579802,0.65
round,91,0,17.34315426904806,0.65
round,91,1,17.889242577593944,0.65
round,91,2,17.737248941140788,0.65
round,91,3,18.243491990296157,0.65
round,91,4,17.657717859338447,0.65
round,91,5,17.637885360779507,0.65
round,91,6,17.744013074837383,0.65
round,91,7,17.710731210201345,0.65
round,91,8,17.679366504487653,0.65
round,91,9,17.847268698599233,0.65
round,92,0,17.87568180517879,0.65
round,92,1,18.023734352236776,0.65
round,92,2,17.683325479106017,0.65
round,92,3,17.51741990134392,0.65
round,92,4,17.660124574872057,0.65
round,92,5,17.520131278046975,0.65
round,92,6,17.325414857947848,0.65
round,92,7,17.57910691701942,0.65
round,92,8,17.2206271662794,0.65
round,92,9,17.692512540620115,0.65
round,93,0,17.864070084949844,0.65
round,93,1,17.703389505967493,0.65
round,93,2,17.80884611646695,0.65
round,93,3,17.763445611704956,0.65
round,93,4,18.018046508986483,0.65
round,93,5,17.900977626934235,0.65
round,93,6,17.825403221245796,0.65
round,93,7,17.756970462328308,0.65
round,93,8,17.878199014442142,0.65
round,93,9,17.478272225823694,0.65
round,94,0,17.62569147579748,0.65
round,94,1,17.376852419238645,0.65
round,94,2,17.813197354770423,0.65
round,94,3,17.645821035021296,0.65
round,94,4,17.804915051749052,0.65
round,94,5,17.46768444871844,0.65
round,94,6,17.840823972003086,0.65
round,94,7,18.13353247439671,0.65
round,94,8,17.86434997418042,0.65
round,94,9,17.53553534968351,0.65
round,95,0,18.27087846820727,0.65
round,95,1,17.6578594399208,0.65
round,95,2,17.960790628477355,0.65
round,95,3,17.544087323084096,0.65
round,95,4,17.70127114079664,0.65
round,95,5,17.53353928903118,0.65
round,95,6,17.573844200970942,0.65
round,95,7,17.768230075052493,0.65
round,95,8,17.460097365135166,0.65
round,95,9,17.70917841120813,0.65
round,96,0,17.790587398959033,0.65
round,96,1,17.783700402334716,0.65
round,96,2,17.944219124832376,0.65
round,96,3,17.86798813520985,0.65
round,96,4,17.553632102787162,0.65
round,96,5,18.216201579912315,0.65
round,96,6,17.90181555038483,0.65
round,96,7,17.63505032598433,0.65
round,96,8,17.495570868079728,0.65
round,96,9,17.991664736760743,0.65
round,97,0,17.839983183848577,0.65
round,97,1,18.06446788588028,0.65
round,97,2,17.632923750756706,0.65
round,97,3,17.484421637560676,0.65
round,97,4,17.805617091243988,0.65
round,97,5,17.684597818440768,0.65
round,97,6,18.06211504780102,0.65
round,97,7,17.745421944828475,0.65
round,97,8,17.475554354583434,0.65
round,97,9,18.006387755460562,0.65
round,98,0,17.27888885316414,0.65
round,98,1,18.028727076529837,0.65
round,98,2,17.57327516429422,0.65
round,98,3,17.484993565912458,0.65
round,98,4,17.78651174345324,0.65
round,98,5,17.880016778515618,0.65
round,98,6,17.47741399635541,0.65
round,98,7,18.0911580613293,0.65
round,98,8,17.775966921661393,0.65
round,98,9,17.694349380522585,0.65
round,99,0,17.85189065617421,0.65
round,99,1,17.776248198087245,0.65
round,99,2,17.72653378413276,0.65
round,99,3,17.74189956008093,0.65
round,99,4,18.133256740034316,0.65
round,99,5,17.553347259141205,0.65
round,99,6,17.70268341240954,0.65
round,99,7,17.925122035846787,0.65
round,99,8,17.244854304980368,0.65
round,99,9,17.82568371760253,0.65
round,100,0,17.457233457796228,0.65
round,100,1,17.420677369149573,0.65
round,100,2,18.10566209780797,0.65
round,100,3,17.25340546095176,0.65
round,100,4,17.979710787440382,0.65
round,100,5,17.851190436494704,0.65
round,100,6,17.57882248616215,0.65
round,100,7,17.920518965699625,0.65
round,100,8,17.634199726667497,0.65
round,100,9,17.549074049647178,0.65
